Student Name,First Choice,Second Choice,Third Choice,Fourth Choice,Fifth Choice,Sixth Choice,Seventh Choice,Eighth Choice
Aaron Ellis,Animation,Dolls,Powerlifting,LARPing,Urban exploration,Creative writing,Swimming,Letterboxing
Ada Rose,Stone skipping,Driving,Swimming,American football,Metal detecting,Embroidery,Video gaming,Powerlifting
Adela Alford,Swimming,Taxidermy,Antiquing,Video gaming,LARPing,Powerlifting,Letterboxing,Footbag
Adolfo Melendez,Animation,Taxidermy,Video gaming,Footbag,Powerlifting,Letterboxing,Swimming,Driving
Aimee Mathews,Swimming,Driving,Taxidermy,LARPing,Letterboxing,Embroidery,Video gaming,Camping
Aisha Mccall,LARPing,Driving,Yo-yoing,Dolls,Seashell collecting,Video gaming,Swimming,Taxidermy
Al Valentine,Stone skipping,Taxidermy,Swimming,Video gaming,Driving,Yo-yoing,Footbag,Powerlifting
Alexander Compton,Dolls,Video gaming,Camping,Powerlifting,Driving,LARPing,American football,Embroidery
Alexis Patrick,Powerlifting,Video gaming,Dolls,Creative writing,Swimming,Camping,American football,Antiquing
Alfonso Barry,Taxidermy,Driving,Embroidery,Swimming,Footbag,American football,Seashell collecting,Antiquing
Alfonso Manning,Seashell collecting,Creative writing,LARPing,Embroidery,Driving,Stone skipping,Swimming,Taxidermy
Allie Hunt,Yo-yoing,Creative writing,Embroidery,Video gaming,Antiquing,Powerlifting,Letterboxing,LARPing
Alton Chan,Dolls,Creative writing,Taxidermy,Swimming,Yo-yoing,Embroidery,Stone skipping,Driving
Amelia Benson,Animation,Dolls,Driving,Video gaming,Powerlifting,Camping,Motor sports,Urban exploration
Amie Swanson,Urban exploration,Motor sports,LARPing,American football,Driving,Taxidermy,Embroidery,Animation
Amparo Estrada,Driving,Antiquing,Camping,LARPing,Video gaming,Swimming,Footbag,Letterboxing
Amparo Marsh,Dolls,Taxidermy,Footbag,Swimming,Video gaming,Driving,Seashell collecting,Powerlifting
Amy Cooley,Taxidermy,Animation,Creative writing,Swimming,Dolls,Powerlifting,LARPing,Driving
Amy Durham,Dolls,LARPing,Swimming,Powerlifting,Letterboxing,Camping,Video gaming,American football
Amy Phillips,Swimming,Yo-yoing,Taxidermy,Video gaming,Driving,American football,Letterboxing,LARPing
Amy Sutton,Swimming,Dolls,Driving,Creative writing,Antiquing,American football,Metal detecting,LARPing
Annette Hunt,Creative writing,Driving,Dolls,Metal detecting,Camping,Video gaming,Taxidermy,Footbag
Annmarie Joyce,Swimming,Video gaming,Driving,Creative writing,Powerlifting,American football,Embroidery,Dolls
Antoine Blackburn,Motor sports,Swimming,Urban exploration,Dolls,Creative writing,Metal detecting,Antiquing,Yo-yoing
Antonio Mckay,Yo-yoing,Driving,Creative writing,Camping,Urban exploration,Video gaming,Swimming,Taxidermy
Araceli Sims,Urban exploration,Motor sports,Antiquing,Footbag,Camping,Swimming,Creative writing,Video gaming
Ashlee Mccall,Swimming,Animation,Driving,Taxidermy,Video gaming,Letterboxing,Powerlifting,Footbag
Aubrey Riggs,Animation,Video gaming,Dolls,Swimming,Metal detecting,Taxidermy,Urban exploration,Driving
Audra Jordan,American football,Antiquing,Metal detecting,Driving,Powerlifting,Embroidery,LARPing,Swimming
Barbra Guzman,Yo-yoing,Metal detecting,Dolls,Swimming,Powerlifting,Video gaming,Antiquing,Stone skipping
Benita Bray,Powerlifting,Swimming,Dolls,Taxidermy,Camping,Driving,Metal detecting,Animation
Benito Craft,Seashell collecting,Yo-yoing,Video gaming,LARPing,Footbag,Swimming,Stone skipping,Camping
Benjamin Brooks,Yo-yoing,Urban exploration,Camping,Swimming,Taxidermy,Metal detecting,Stone skipping,Animation
Bernard Ryan,Animation,Swimming,Driving,LARPing,Taxidermy,Video gaming,Powerlifting,Antiquing
Beryl Hendricks,Driving,LARPing,Embroidery,American football,Dolls,Video gaming,Swimming,Taxidermy
Bianca Goodman,Swimming,Dolls,Video gaming,Taxidermy,Stone skipping,Creative writing,Footbag,Motor sports
Blake Kirkland,Swimming,Yo-yoing,Urban exploration,Animation,American football,Antiquing,Camping,Metal detecting
Blake Wynn,Yo-yoing,Dolls,Driving,Motor sports,LARPing,Letterboxing,Animation,Swimming
Bob Baird,American football,Swimming,Dolls,Powerlifting,Letterboxing,Metal detecting,Stone skipping,Seashell collecting
Bobbi Burnett,Motor sports,Creative writing,Urban exploration,LARPing,Dolls,Yo-yoing,Metal detecting,Video gaming
Bradford Hill,Dolls,Taxidermy,Footbag,Swimming,Video gaming,Driving,Seashell collecting,Powerlifting
Brady Lancaster,Footbag,Taxidermy,Video gaming,Powerlifting,Swimming,Driving,LARPing,American football
Brandie Shepard,Swimming,Driving,Animation,Powerlifting,Video gaming,Letterboxing,Embroidery,Creative writing
Brandon Collins,Video gaming,Dolls,American football,Animation,Seashell collecting,Driving,Urban exploration,Swimming
Brandy Preston,Letterboxing,Swimming,Taxidermy,Camping,Powerlifting,Video gaming,Driving,Motor sports
Brianna Sellers,Driving,American football,Yo-yoing,Swimming,Video gaming,Antiquing,LARPing,Letterboxing
Bridgett Kemp,Dolls,Creative writing,Swimming,Motor sports,Stone skipping,Yo-yoing,American football,Video gaming
Bridgette Mosley,Swimming,Footbag,Taxidermy,Driving,Video gaming,Yo-yoing,Powerlifting,LARPing
Brittany Moore,Yo-yoing,Video gaming,Footbag,Taxidermy,Swimming,Antiquing,Seashell collecting,Antiquing
Carmen Cooley,Swimming,LARPing,Driving,Video gaming,Embroidery,American football,Dolls,Metal detecting
Cary Klein,Animation,Creative writing,Video gaming,Motor sports,Swimming,Dolls,Stone skipping,Footbag
Cathryn Phillips,Taxidermy,Driving,Embroidery,Swimming,Footbag,American football,Seashell collecting,Antiquing
Cathy Clay,LARPing,Driving,American football,Swimming,Stone skipping,Taxidermy,Video gaming,Camping
Cedric Cash,Taxidermy,Dolls,LARPing,Swimming,Motor sports,Stone skipping,Animation,Seashell collecting
Cheryl Holt,Driving,American football,Video gaming,Footbag,Taxidermy,Swimming,Antiquing,Metal detecting
Chester Kramer,Taxidermy,Swimming,Driving,Letterboxing,Video gaming,Powerlifting,American football,LARPing
Christi Mckenzie,Powerlifting,American football,Driving,Swimming,LARPing,Embroidery,Antiquing,Yo-yoing
Christina Chambers,Embroidery,Driving,Footbag,Metal detecting,American football,Video gaming,LARPing,Antiquing
Clarence Mclaughlin,Driving,Swimming,Animation,Powerlifting,Letterboxing,Video gaming,Stone skipping,Embroidery
Clifford Garner,Swimming,Driving,Video gaming,American football,Footbag,Powerlifting,Taxidermy,Embroidery
Corina Beck,Powerlifting,Driving,LARPing,Taxidermy,Swimming,Antiquing,Camping,Letterboxing
Corine Wynn,Driving,Seashell collecting,LARPing,American football,Taxidermy,Swimming,Metal detecting,Embroidery
Cornelia Boone,Driving,American football,Video gaming,Footbag,Taxidermy,Swimming,Antiquing,Metal detecting
Courtney Matthews,Dolls,American football,Footbag,Creative writing,Driving,Powerlifting,Taxidermy,Seashell collecting
Dale Hardy,Swimming,Video gaming,Driving,Taxidermy,Footbag,Camping,Powerlifting,Animation
Dave Bruce,Dolls,Swimming,American football,Antiquing,Driving,Creative writing,Video gaming,Footbag
Dean Buck,Swimming,Video gaming,Footbag,American football,Taxidermy,Letterboxing,LARPing,Antiquing
Debbie Webster,Swimming,Creative writing,Video gaming,Dolls,Driving,Taxidermy,Motor sports,Animation
Devon Sutton,Driving,Swimming,Taxidermy,Video gaming,Letterboxing,Camping,American football,Powerlifting
Dionne Langley,Swimming,Dolls,LARPing,Stone skipping,Antiquing,Taxidermy,Urban exploration,Footbag
Dwight Holloway,American football,Driving,Stone skipping,Antiquing,Metal detecting,Letterboxing,Taxidermy,Embroidery
Ebony Kinney,Taxidermy,Swimming,Dolls,Driving,LARPing,Powerlifting,Letterboxing,Motor sports
Edward Lindsey,Swimming,Powerlifting,LARPing,Camping,Video gaming,Letterboxing,Footbag,Antiquing
Effie Fox,Antiquing,American football,LARPing,Embroidery,Seashell collecting,Taxidermy,Driving,Camping
Eli Guerrero,Swimming,Stone skipping,Driving,Taxidermy,Animation,Video gaming,Footbag,Antiquing
Elizabeth Allison,Driving,Swimming,Taxidermy,Creative writing,Dolls,Video gaming,Antiquing,Yo-yoing
Ellis Witt,Taxidermy,Camping,Yo-yoing,Dolls,American football,Video gaming,Swimming,Metal detecting
Eloise Lane,Driving,American football,LARPing,Swimming,Yo-yoing,Taxidermy,Camping,Seashell collecting
Emma Dalton,Creative writing,Taxidermy,LARPing,Motor sports,Swimming,Yo-yoing,Driving,Powerlifting
Enid Holloway,Powerlifting,Stone skipping,Animation,Footbag,Taxidermy,Embroidery,American football,Camping
Erwin Mcintosh,Swimming,Letterboxing,Taxidermy,Video gaming,Yo-yoing,Footbag,Animation,Driving
Erwin Miller,Dolls,Video gaming,Stone skipping,Footbag,Swimming,Camping,Letterboxing,Powerlifting
Esperanza Hernandez,Seashell collecting,Motor sports,Driving,Creative writing,Swimming,Stone skipping,Video gaming,Taxidermy
Evangelina Bowers,Swimming,Antiquing,Stone skipping,LARPing,Camping,Taxidermy,Driving,Footbag
Faith Burns,Seashell collecting,Dolls,Yo-yoing,Driving,Letterboxing,Taxidermy,Metal detecting,Footbag
Faye Winters,Swimming,American football,Driving,Letterboxing,Embroidery,Video gaming,Taxidermy,Powerlifting
Florine Cash,Powerlifting,LARPing,Driving,Camping,Footbag,Antiquing,American football,Letterboxing
Francis Slater,Taxidermy,Driving,Yo-yoing,Swimming,Antiquing,American football,Letterboxing,Antiquing
Frank Levine,American football,LARPing,Stone skipping,Embroidery,Taxidermy,Metal detecting,Letterboxing,Seashell collecting
Garland Henson,Taxidermy,Driving,Swimming,Footbag,Powerlifting,Video gaming,Stone skipping,LARPing
Gerardo Sellers,Dolls,Taxidermy,Driving,Footbag,Creative writing,Swimming,American football,Antiquing
Gertrude Vinson,Creative writing,Driving,Powerlifting,Yo-yoing,American football,Antiquing,Animation,Metal detecting
Gordon Mcintyre,Letterboxing,Taxidermy,Driving,LARPing,Swimming,American football,Antiquing,Metal detecting
Grace Singleton,Creative writing,LARPing,Dolls,Driving,Taxidermy,Footbag,American football,Antiquing
Gracie Bond,Swimming,Taxidermy,Antiquing,Video gaming,LARPing,Powerlifting,Letterboxing,Footbag
Grady Bailey,Driving,Footbag,Embroidery,Swimming,Taxidermy,American football,Powerlifting,Video gaming
Gretchen Cherry,Dolls,Creative writing,Seashell collecting,Animation,Taxidermy,Motor sports,Camping,Stone skipping
Gretchen Mendoza,Driving,Swimming,American football,Video gaming,Powerlifting,Antiquing,Embroidery,LARPing
Gwen Giles,Dolls,Footbag,Taxidermy,Video gaming,Powerlifting,Swimming,Embroidery,Driving
Harold Dejesus,Swimming,Dolls,Driving,Camping,Creative writing,Video gaming,American football,Powerlifting
Hattie Sawyer,Camping,Driving,Urban exploration,Taxidermy,Creative writing,Yo-yoing,Dolls,Embroidery
Herbert Hanson,Seashell collecting,Swimming,Embroidery,Antiquing,LARPing,Letterboxing,Camping,Dolls
Herman Fox,Swimming,Taxidermy,Dolls,Driving,LARPing,Creative writing,Video gaming,Camping
Hugo Farrell,Taxidermy,Yo-yoing,Dolls,Swimming,American football,Creative writing,LARPing,Seashell collecting
Imogene Dennis,Video gaming,Letterboxing,American football,Powerlifting,Antiquing,Swimming,Camping,Antiquing
Ines Nguyen,Yo-yoing,Dolls,Driving,Motor sports,Seashell collecting,Antiquing,Creative writing,Footbag
Ingrid Beasley,Driving,American football,Embroidery,Swimming,LARPing,Yo-yoing,Video gaming,Letterboxing
Irene Rich,Driving,Swimming,American football,Powerlifting,Embroidery,LARPing,Video gaming,Antiquing
Isaac Larson,Motor sports,Swimming,Video gaming,Taxidermy,Letterboxing,Antiquing,Footbag,Urban exploration
Iva Valdez,Stone skipping,Embroidery,Antiquing,American football,Camping,Metal detecting,Driving,Seashell collecting
Jack Conley,Taxidermy,Driving,Swimming,Dolls,Creative writing,Video gaming,Yo-yoing,American football
Jackie Hoover,Antiquing,Stone skipping,Swimming,Letterboxing,Taxidermy,American football,Camping,Powerlifting
Janette Lynn,American football,Swimming,Video gaming,Driving,Dolls,Metal detecting,Powerlifting,Letterboxing
Jannie Wright,Swimming,Creative writing,Animation,Driving,Taxidermy,Letterboxing,Dolls,Urban exploration
Jared Greer,Urban exploration,Motor sports,Camping,Antiquing,Animation,American football,Swimming,Creative writing
Jay Martinez,Dolls,Driving,Metal detecting,Taxidermy,Creative writing,Video gaming,Motor sports,LARPing
Jayne Bridges,Driving,Yo-yoing,Swimming,American football,Video gaming,Footbag,Metal detecting,Antiquing
Jeannie Lara,Creative writing,Dolls,Motor sports,Urban exploration,Powerlifting,Animation,Footbag,Driving
Jennifer Pierce,Animation,Taxidermy,Creative writing,Metal detecting,LARPing,Swimming,Seashell collecting,Dolls
Jennifer Rivera,Powerlifting,Swimming,Camping,Video gaming,Footbag,Animation,Letterboxing,American football
Jeremy Warren,Animation,Dolls,Video gaming,Creative writing,Taxidermy,Urban exploration,Swimming,LARPing
Jerome Lloyd,Swimming,Powerlifting,Video gaming,Driving,Camping,Antiquing,Animation,Dolls
Jessie Marquez,Swimming,Video gaming,Letterboxing,Footbag,Antiquing,American football,Stone skipping,Antiquing
Jim Conley,Driving,Swimming,Video gaming,American football,Dolls,Embroidery,Creative writing,Camping
Jim Massey,Driving,American football,Video gaming,Footbag,Taxidermy,Swimming,Antiquing,Metal detecting
Joan Hines,LARPing,American football,Video gaming,Swimming,Driving,Embroidery,Animation,Dolls
Joanna Henry,Animation,Letterboxing,Creative writing,Taxidermy,Swimming,Metal detecting,Video gaming,Urban exploration
Joe Mccullough,Driving,Swimming,American football,Powerlifting,Embroidery,LARPing,Video gaming,Yo-yoing
Joe Sparks,Swimming,Video gaming,Metal detecting,Yo-yoing,Creative writing,Letterboxing,Powerlifting,Animation
Jonathan Weiss,Powerlifting,Metal detecting,Taxidermy,Swimming,Video gaming,Footbag,Embroidery,Antiquing
Jordan Mcclure,Dolls,Seashell collecting,LARPing,Yo-yoing,Taxidermy,Powerlifting,Swimming,Antiquing
Jorge Garza,Stone skipping,Swimming,Urban exploration,Animation,Dolls,Antiquing,Letterboxing,Camping
Jorge Hull,Yo-yoing,Taxidermy,Dolls,Creative writing,Motor sports,Camping,Swimming,American football
Julian Osborne,Animation,Swimming,Creative writing,Driving,Taxidermy,LARPing,Dolls,Motor sports
Juliet Hodges,Video gaming,Letterboxing,American football,LARPing,Taxidermy,Swimming,Camping,Antiquing
Julio Conley,Metal detecting,Video gaming,Urban exploration,Antiquing,Powerlifting,Camping,American football,Swimming
Kay Buchanan,Footbag,American football,Driving,Powerlifting,Taxidermy,Dolls,Creative writing,Seashell collecting
Kaye Burnett,Swimming,Driving,Taxidermy,LARPing,Letterboxing,Embroidery,Video gaming,Camping
Kayla Frazier,LARPing,Swimming,Driving,Embroidery,Antiquing,Video gaming,Footbag,Letterboxing
Kelly Singleton,Swimming,Antiquing,Video gaming,Powerlifting,Taxidermy,Stone skipping,American football,Metal detecting
Ken Richards,Dolls,Taxidermy,Yo-yoing,Swimming,Animation,Motor sports,Creative writing,Video gaming
Kirsten Matthews,Stone skipping,Footbag,Video gaming,American football,Seashell collecting,Swimming,Antiquing,Driving
Lacy Green,Yo-yoing,LARPing,Stone skipping,Dolls,Swimming,Antiquing,Footbag,Antiquing
Ladonna Hickman,Seashell collecting,Dolls,American football,LARPing,Antiquing,Driving,Powerlifting,Antiquing
Latonya Austin,Taxidermy,Metal detecting,American football,Driving,Yo-yoing,Antiquing,Swimming,Letterboxing
Laurel House,Taxidermy,American football,Swimming,Driving,Antiquing,Embroidery,Video gaming,Powerlifting
Lavonne Rowe,Driving,Swimming,Dolls,American football,Video gaming,Creative writing,Seashell collecting,Camping
Leann Potter,Video gaming,Letterboxing,Swimming,LARPing,Taxidermy,Driving,Dolls,Antiquing
Leann Waller,Taxidermy,Swimming,Dolls,Video gaming,Seashell collecting,Creative writing,Driving,Antiquing
Lee Waters,Dolls,LARPing,Swimming,American football,Yo-yoing,Seashell collecting,Video gaming,Letterboxing
Lelia Newman,Swimming,Embroidery,Powerlifting,Video gaming,American football,Footbag,Driving,LARPing
Lena Ryan,Dolls,Creative writing,Yo-yoing,Footbag,Camping,Driving,Letterboxing,Swimming
Lidia Roach,Driving,Swimming,Video gaming,Camping,American football,Embroidery,Taxidermy,Animation
Lillie Erickson,Animation,Swimming,Letterboxing,Video gaming,Camping,American football,Powerlifting,Motor sports
Lindsey Kramer,Swimming,American football,Camping,Embroidery,Video gaming,LARPing,Metal detecting,Footbag
Lois Vaughan,Driving,Swimming,Taxidermy,Creative writing,Dolls,Yo-yoing,Video gaming,Antiquing
Lorena Mitchell,Yo-yoing,Motor sports,Dolls,Creative writing,Swimming,Driving,American football,Embroidery
Lorene Bryant,Yo-yoing,Creative writing,Swimming,American football,Driving,LARPing,Video gaming,Dolls
Lourdes Farmer,Camping,Powerlifting,Motor sports,Metal detecting,Footbag,Urban exploration,Driving,American football
Lowell Briggs,American football,Yo-yoing,Video gaming,Swimming,Seashell collecting,Antiquing,Camping,Powerlifting
Luther Preston,Video gaming,Swimming,Footbag,Powerlifting,Antiquing,Driving,Letterboxing,Stone skipping
Magdalena Poole,Taxidermy,Letterboxing,Driving,Swimming,Video gaming,Seashell collecting,Powerlifting,LARPing
Marcella Lowe,Swimming,Taxidermy,Dolls,Yo-yoing,LARPing,Animation,Letterboxing,Driving
Marci Wolf,Taxidermy,Driving,Footbag,Dolls,Swimming,LARPing,American football,Stone skipping
Margret Huffman,Stone skipping,Camping,Taxidermy,LARPing,American football,Powerlifting,Video gaming,Antiquing
Mari Mcmillan,Swimming,American football,Driving,Letterboxing,Metal detecting,Dolls,Yo-yoing,Taxidermy
Maria Miranda,Seashell collecting,Dolls,Taxidermy,American football,Stone skipping,Driving,LARPing,Video gaming
Marilyn Russell,American football,Driving,Swimming,Metal detecting,Taxidermy,Powerlifting,Video gaming,LARPing
Marion Perez,Camping,Driving,Urban exploration,Creative writing,Taxidermy,Yo-yoing,Dolls,Embroidery
Marisa Logan,Taxidermy,Swimming,Video gaming,Dolls,Driving,LARPing,Footbag,Powerlifting
Marisol Blanchard,Camping,Swimming,Video gaming,Footbag,Driving,Letterboxing,Powerlifting,Antiquing
Marissa Castro,Seashell collecting,Yo-yoing,Video gaming,LARPing,Footbag,Swimming,Stone skipping,Camping
Marlon Alford,Driving,Embroidery,Swimming,Animation,American football,Video gaming,Letterboxing,Footbag
Marlon Richard,Dolls,Yo-yoing,Urban exploration,Creative writing,Motor sports,Animation,Swimming,Camping
Martin Mckenzie,Creative writing,Dolls,Video gaming,Swimming,Urban exploration,Yo-yoing,Letterboxing,Motor sports
Marvin Benson,LARPing,Letterboxing,Swimming,Animation,Footbag,Powerlifting,Camping,Taxidermy
Maryanne Stevens,Swimming,Driving,Video gaming,Letterboxing,Embroidery,Powerlifting,American football,Creative writing
Marylou Cruz,Animation,Video gaming,Swimming,Driving,LARPing,Powerlifting,Camping,American football
Maura Lowe,Dolls,Yo-yoing,Driving,Taxidermy,LARPing,Seashell collecting,Creative writing,Swimming
Meagan Weber,Animation,Swimming,Powerlifting,Letterboxing,Video gaming,Taxidermy,Footbag,Antiquing
Mercedes Weber,Embroidery,LARPing,Video gaming,American football,Antiquing,Driving,Swimming,Footbag
Mercedes Wilder,Driving,Seashell collecting,LARPing,American football,Taxidermy,Swimming,Metal detecting,Yo-yoing
Merle Delacruz,Video gaming,Driving,Footbag,Swimming,Embroidery,Powerlifting,American football,Antiquing
Micah Holloway,Embroidery,Driving,Animation,Stone skipping,Antiquing,Taxidermy,Powerlifting,Yo-yoing
Michele Schmidt,Embroidery,Swimming,Video gaming,American football,Creative writing,Driving,Stone skipping,Dolls
Miguel Goodman,Swimming,Powerlifting,Antiquing,Video gaming,Footbag,Letterboxing,Metal detecting,Stone skipping
Mike Steele,Yo-yoing,Taxidermy,Creative writing,American football,Embroidery,Dolls,Driving,Camping
Mitchell Le,Swimming,Powerlifting,American football,Taxidermy,Metal detecting,Antiquing,Antiquing,Antiquing
Molly Melendez,Driving,Yo-yoing,LARPing,Dolls,Video gaming,Seashell collecting,Swimming,Taxidermy
Neal Merritt,Taxidermy,Video gaming,Swimming,Yo-yoing,American football,Metal detecting,Creative writing,Powerlifting
Neil Calhoun,Driving,Swimming,Dolls,American football,Video gaming,Creative writing,Seashell collecting,Camping
Neil Morin,Swimming,Video gaming,American football,Powerlifting,Driving,LARPing,Letterboxing,Camping
Nell Peterson,Dolls,Creative writing,Yo-yoing,Seashell collecting,Swimming,Video gaming,Motor sports,Taxidermy
Noah Hahn,Taxidermy,Creative writing,Yo-yoing,Motor sports,Swimming,LARPing,Driving,Powerlifting
Paige Myers,Swimming,Video gaming,Dolls,Taxidermy,Animation,Driving,LARPing,Metal detecting
Pearl Ayala,Embroidery,Letterboxing,Swimming,LARPing,Video gaming,Urban exploration,Creative writing,Motor sports
Phillip Guzman,Swimming,Taxidermy,Metal detecting,Animation,Antiquing,Letterboxing,Powerlifting,Yo-yoing
Polly Chase,Video gaming,Driving,Footbag,Powerlifting,Embroidery,Swimming,American football,Antiquing
Preston Allen,Metal detecting,Animation,American football,Taxidermy,Powerlifting,Video gaming,Swimming,Letterboxing
Ramona Dickerson,Driving,American football,Video gaming,Motor sports,Urban exploration,Animation,Creative writing,Camping
Ray Quinn,Swimming,Video gaming,Creative writing,Dolls,Driving,Taxidermy,Animation,Motor sports
Reba Parrish,Swimming,Video gaming,Embroidery,Powerlifting,Footbag,Creative writing,Metal detecting,American football
Robert Palmer,Swimming,Yo-yoing,Animation,LARPing,Driving,Video gaming,Taxidermy,Camping
Robin Casey,Dolls,Powerlifting,Taxidermy,LARPing,Letterboxing,Seashell collecting,Video gaming,Swimming
Roderick Stewart,LARPing,Animation,Video gaming,Motor sports,Taxidermy,Yo-yoing,Stone skipping,Urban exploration
Rodger Wiley,Dolls,Yo-yoing,Creative writing,Camping,Swimming,Embroidery,LARPing,Urban exploration
Rodney Coffey,LARPing,Driving,American football,Embroidery,Antiquing,Stone skipping,Camping,Antiquing
Rosalyn Kelly,Swimming,LARPing,Video gaming,Taxidermy,Embroidery,Yo-yoing,American football,Letterboxing
Rosemarie Richards,Taxidermy,Video gaming,Swimming,Driving,Footbag,Embroidery,American football,Antiquing
Roslyn Vaughn,Driving,Taxidermy,American football,Dolls,Video gaming,Swimming,Footbag,Seashell collecting
Rowena Camacho,Motor sports,Creative writing,Urban exploration,Dolls,Letterboxing,Camping,Swimming,Powerlifting
Roxie Tanner,Seashell collecting,Dolls,Yo-yoing,Creative writing,Taxidermy,Swimming,Motor sports,LARPing
Rudolph Graham,Taxidermy,Antiquing,Stone skipping,Camping,Powerlifting,Video gaming,Swimming,Dolls
Salvador Burch,Swimming,Driving,Video gaming,LARPing,Footbag,Taxidermy,Powerlifting,Dolls
Selena Stokes,Creative writing,Dolls,Swimming,Yo-yoing,LARPing,Letterboxing,Embroidery,Driving
Shari Hill,Footbag,Driving,Metal detecting,Video gaming,Antiquing,American football,Powerlifting,Taxidermy
Shawna Adkins,Swimming,Driving,Embroidery,Video gaming,Stone skipping,American football,Camping,Letterboxing
Sofia Farrell,Driving,LARPing,Antiquing,Swimming,Letterboxing,Video gaming,Powerlifting,Embroidery
Sophie Chan,Driving,Taxidermy,LARPing,Embroidery,American football,Swimming,Letterboxing,Powerlifting
Staci Bush,Swimming,Footbag,Taxidermy,Powerlifting,Letterboxing,American football,Video gaming,Antiquing
Stella Livingston,Yo-yoing,Driving,Dolls,Taxidermy,American football,Antiquing,LARPing,Powerlifting
Steve Velez,Dolls,Yo-yoing,Stone skipping,Urban exploration,Camping,Taxidermy,Creative writing,Swimming
Tamera Aguilar,Yo-yoing,Video gaming,Dolls,Swimming,Creative writing,Driving,Animation,Stone skipping
Tammie Velasquez,Taxidermy,Letterboxing,Driving,Swimming,Video gaming,Powerlifting,Seashell collecting,LARPing
Tamra Hammond,Yo-yoing,Dolls,Driving,American football,Video gaming,Swimming,Taxidermy,Seashell collecting
Taylor Perry,Footbag,Driving,American football,Swimming,Video gaming,Antiquing,Antiquing,Antiquing
Ted Watson,Taxidermy,LARPing,Swimming,Driving,Dolls,Video gaming,Letterboxing,Creative writing
Terrance Poole,Yo-yoing,Motor sports,Creative writing,American football,Video gaming,Driving,Urban exploration,Embroidery
Terrence Hopper,Driving,American football,Video gaming,Footbag,Taxidermy,Swimming,Antiquing,Metal detecting
Terry Mills,Swimming,American football,Driving,Video gaming,Antiquing,Footbag,Taxidermy,Metal detecting
Thomas Mcgowan,Embroidery,Driving,Metal detecting,Swimming,Powerlifting,LARPing,Creative writing,Dolls
Tom Kirk,Embroidery,Powerlifting,Metal detecting,Swimming,Driving,Dolls,Yo-yoing,Creative writing
Tracy Mcclure,Seashell collecting,Stone skipping,LARPing,Dolls,Yo-yoing,American football,Antiquing,Metal detecting
Tyler May,Taxidermy,LARPing,Antiquing,American football,Stone skipping,Animation,Seashell collecting,Metal detecting
Vincent Underwood,Dolls,Swimming,Animation,Motor sports,Video gaming,American football,Letterboxing,Stone skipping
Vivian Cooke,Footbag,Video gaming,Taxidermy,Swimming,American football,Driving,Antiquing,Antiquing
Vivian Edwards,Dolls,Swimming,Creative writing,Antiquing,American football,Metal detecting,Embroidery,Camping
Vivian Holmes,Swimming,American football,Driving,Powerlifting,Metal detecting,Motor sports,Urban exploration,Antiquing
Vonda Long,Video gaming,Swimming,Taxidermy,Footbag,Antiquing,Letterboxing,Metal detecting,Embroidery
Wallace Griffith,Swimming,Dolls,Powerlifting,Creative writing,LARPing,Video gaming,Driving,Antiquing
Wendell Gibbs,Dolls,Creative writing,Swimming,Video gaming,Letterboxing,LARPing,American football,Camping
Woodrow Bender,Seashell collecting,Motor sports,Metal detecting,Creative writing,Swimming,Stone skipping,American football,Yo-yoing